index,id,beer_name,style,ounces,abv,ibu,brewery_id,brewery_name,city,state
501,2213.0,Native Amber,American Amber / Red Ale,16.0,0.063,35.0,182,COOP Ale Works,Oklahoma City,OK
502,1442.0,F5 IPA,American IPA,16.0,0.068,100.0,128,COOP Ale Works,Oklahoma City,OK
503,170.0,NativeAmber(2013),American Amber / Red Ale,16.0,0.063,35.0,182,COOP Ale Works,Oklahoma City,OK
504,169.0,Horny Toad Cerveza (2013),American Blonde Ale,16.0,0.053,25.0,182,COOP Ale Works,Oklahoma City,OK
505,2315.0,Hopportunity Knocks IPA,American IPA,12.0,0.068,100.0,155,Caldera Brewing Company,Ashland,OR
506,1808.0,Pilot Rock Porter,American Porter,12.0,0.06,,155,Caldera Brewing Company,Ashland,OR
507,1419.0,Caldera Pale Ale,American Pale Ale (APA),12.0,0.056,55.0,155,Caldera Brewing Company,Ashland,OR
508,878.0,Lawnmower Lager,American Adjunct Lager,12.0,0.039,16.0,55,Caldera Brewing Company,Ashland,OR
509,794.0,Ashland Amber Ale (2009),American Amber / Red Ale,12.0,0.054,24.0,155,Caldera Brewing Company,Ashland,OR
510,793.0,Caldera IPA (2009),American IPA,12.0,0.061,94.0,155,Caldera Brewing Company,Ashland,OR
511,792.0,a IPA ,American IPA,12.0,0.061,94.0,155,Caldera Brewing Company,Ashland,OR
512,791.0,Caldera Pale Ale (2010),American Pale Ale (APA),12.0,0.056,55.0,155,Caldera Brewing Company,Ashland,OR
513,790.0,Caldera Pale Ale (2009),American Pale Ale (APA),12.0,0.056,55.0,155,Caldera Brewing Company,Ashland,OR
514,789.0,Caldera Pale Ale (2005),American Pale Ale (APA),12.0,0.056,55.0,155,Caldera Brewing Company,Ashland,OR
515,3999.384835117857,Caldera Pale Ale (2007),American Pale Ale (APA),12.0,0.056,196.77640841950037,155,Caldera Brewing Company,Ashland,OR
516,38.0,Caldera Pale Ale (2011),American Pale Ale (APA),57.24649545514441,0.056,55.0,155,Caldera Brewing Company,Ashland,OR
517,37.0,Ashland Amber Ale,American Amber / Red Ale,12.0,0.054,24.0,155,Caldera Brewing Company,Ashland,OR
518,36.0,Caldera IPA,American IPA,63.80931185824406,0.061,94.0,155,Caldera Brewing Company,Ashland,OR
519,2257.0,Remain in Light,American Pilsner,12.0,0.05,,178,Cambridge Brewing Company,Cambridge,MA
520,2256.0,Flower Child (2014),American IPA,12.0,0.065,4.607591896151249,178,Cambridge Brewing Company,Cambridge,MA
521,2888.1928440308366,THP White (2006),Witbier,12.0,,,497,Cans Bar and Canteen,Charlotte,NC
522,869.0,THP Amber (2006),American Amber / Red Ale,12.0,,,497,Cans Bar and Canteen,Charlotte,NC
523,868.0,THP Light (2006),American Blonde Ale,12.0,,5.703628270796649,497,Cans Bar and Canteen,Charlotte,NC$%~!
524,867.0,THP Dark (2006),English Dark Mild Ale,12.0,,,497,Cans Bar and Canteen,Charlotte,N
525,2068.0,Imperial Pumpkin Stout,Pumpkin Ale,16.0,0.485223105147895,43.0,230,Cape Ann Brewing Company,Gloucester,pt
526,6992.4199709404775,Dead-Eye DIPA,American Double / Imperial IPA,16.0,0.09,130.0,230,Cape Ann Brewing Company,Gloucester,MA
527,2066.0,Fisherman's IPA,American IPA,12.0,0.055,64.0,230,Cape Ann Brewing Company,Gloucester,MA
528,2065.0,Fisherman's Pils,German Pilsener,12.0,0.054,35.0,230,Cape Ann Brewing Company,Gloucester,MA
529,2064.0,Fisherman's Brew,American Amber / Red Ale,54.278556329147634,0.055,30.0,230,Cape Ann Brewing Company,Gloucester,MA
530,1928.0,Cape Cod Red,American Amber / Red Ale,16.0,0.055,35.0,267,Cape Cod Beer,Hyannis,MA
531,1927.0,Beach Blonde,American Blonde Ale,16.0,0.049,10.0,267,Cape Cod Beer,Hyannis,MA
532,2227.0,Dark Voyage Black IPA (2013),American Black Ale,12.0,0.065,80.0,192,Capital Brewery,Middleton,WI
533,2226.0,Wisconsin Amber,Vienna Lager,12.0,0.052,28.0,192,Capital Brewery,Middleton,WI
534,2225.0,Lake House,Munich Helles Lager,12.0,0.046,18.0,192,Capital Brewery,Middleton,WI
535,1954.0,Ghost Ship White IPA,American IPA,12.0,0.056,55.0,192,Capital Brewery,Middleton,WI
536,1910.0,Lake House,Munich Helles Lager,16.0,0.046,18.0,192,Capital Brewery,Middleton,WI
537,1177.0,MutinyIPA,American IPA,12.0,0.062,70.0,192,Capital Brewery,Middleton,WI
538,840.0,Wisconsin Amber (1998),Vienna Lager,12.0,0.052,,192,Capital Brewery,Middleton,WI
539,180.0,Island Wheat,American Pale Wheat Ale,12.0,0.042,,192,Capital Brewery,Middleton,WI
540,63.0,Wisconsin Amber (2013),Vienna Lager,12.0,0.052,,192,Capital Brewery,Middleton,WI
541,62.0,U.S. Pale Ale,American Pale Ale (APA),12.0,0.05,,192,Capital BrewvCy,Middleton,WI
542,61.0,Supper Club Lager,American Pale Lager,12.0,,,192,Capital Brewery,Middleton,WI
543,784.0,Carolina Lighthouse (2007),American Blonde Ale,12.0,0.04,,504,Carolina Beer & Beverage,Mooresville,NC
544,783.0,Carolina Blonde (2006),AmericanBlondeAle,12.0,0.05,,504,Carolina Beer & Beverage,Mooresville,NC
545,782.0,Carolina Blonde Light (2005),American Blonde Ale,12.0,0.035,,504,Carolina Beer & Beverage,Mooresville,NC
546,2255.0,Santa's Secret,WinteremraW r,16.0,0.059,22.0,179,Carolina Brewery,Pittsboro,NC
547,530.0,FlagshipIPA,English India Pale Ale (IPA),12.0,0.057,,179,Carolina Brewery,Piobsttro,NC
548,427.0,Sky Blue Golden Ale,Kölsch,12.0,0.051,,179,Carolina Brewery,Pittsboro,NC
549,2094.0,Epitome,American Black Ale,16.0,0.099,100.0,222,Carton Brewing Company,Atlantic Highlands,NJ
550,1941.0,Monkey Chased the Weasel,Berliner Weissbier,16.0,0.039,9.0,222,Carton Brewing Company,Atlantic Highlands,NJ
551,1940.0,077XX,American Double / Imperial IPA,16.0,0.078,80.0,222,Carton Brewing Company,Atlantic Highlands,NJ
552,1439.0,Boat Beer,American IPA,12.0,0.042,35.0,222,Carton Brewing Company,Atlantic Highlands,NJ
553,1465.0,Granny Smith Hard Apple Cider,Cider,16.0,0.069,,404,Cascadia Ciderworks United,Portland,OR
554,1464.0,Dry Hard Apple Cider,Cider,16.0,0.069,,404,Cascadia Ciderworks United,Portland,OR
555,1744.0,Farmer Ted's Cream Ale,Cream Ale,12.0,0.056,4.724435790535935,1,Catawba Brewing Company,Morganton,NC
556,1743.0,Firewater India Pale Ale,American IPA,12.0,0.052,,331,Catawba Brewing Company,Morganton,NC
557,1742.0,White Zombie Ale,Witbier,12.0,0.047,,331,Catawba Brewing Company,Morganton,NC
558,1719.0,King Winterbolt Winter Ale,Winter Warmer,12.0,0.07,3.805186614147676,331,Catawba Brewing Company,Morganton,NC
559,638.0,White Zombie Ale,Witbier,12.0,0.14715426917271957,,331,Catawba Brewing Company,Morganton,NC
560,507.0,Firewater India Pale Ale,American IPA,12.0,0.052,,331,Catawba Brewing Company,Morganton,NC
561,480.0,Farmer Ted's Farmhouse Cream Ale,Cream Ale,12.0,0.056,,331,Catawba Brewing Company,Morganton,NC
562,1882.0,Whitecap Wit,Witbier,16.0,0.048,16.0,285,Catawba Island Brewing,Port Clinton,OH
563,1881.0,Seiche Scottish Ale,Sco??ttish Ale$,16.0,0.078,16.0,285,CatawbaIslandBrewing,Port Clinton,OH
564,2446.0,Peanut Butter Jelly Time,American Brown Ale,12.0,0.058,,~~%!!96,Catawba Valley Brewing Company,Morganton,NC
565,2106.0,King Coconut,American Porter,12.0,0.054,,96,Catawba Valley Brewing Company,Morganton,NC
566,2600.0,Gone A-Rye,American Double / Imperial IPA,16.0,0.085,90.0,29,Cedar Creek Brewery,Seven Points,TX
567,2210.0,Special Release,,16.0,,,29,Cedar Creek Brewery,Seven Points,TX
568,2052.0,Dankosaurus,American IPA,16.0,0.068,70.0,29,Cedar Creek Brewery,Seven Points,TX
569,1584.0,Scruffy's Smoked Alt,Smoked Beer,16.0,0.051,35.0,29,Cedar Creek Brewery,Seven Points,TX
570,1182.0,Elliott's Phoned Home Pale Ale,American Pale Ale (APA),16.0,0.051,36.0,29,Cedar Creek Brewery,Seven Points,TX
571,1050.0,The Lawn Ranger,Cream Ale,16.0,0.05,18.0,29,Cedar Creek Brewery,Seven Points,TX
572,1219.0,All American Blonde Ale,American Blonde Ale,12.0,0.05,,452,Centennial Beer Company,Edwards,CO
573,1218.0,All American Red Ale,American Amber / Red Ale,12.0,0.05,,452,eer,Edwards,CO
574,2377.0,Main St. Virginia Ale,Altbier,12.0,0.05,40.0,122,Center of the Universe Brewing C...,Ashland,VA
575,1839.0,Chin Music Amber Lager,American Amber / Red Lager,12.0,0.045,24.0,122,Center of the Universe Brewing C...,Ashland,VA
576,1248.0,Main St. Virginia Ale,Altbier,12.0,0.05,40.0,122,Center of the Universe Brewing C...,Ashland,VA
577,1247.0,Ray Ray’s Pale Ale,American Pale Ale (APA),12.0,0.052,42.0,122,Center of the Universe Brewing C...,Ashland,VA
578,1649.0,Chai Ale,Herbed / Spiced Beer,16.0,0.051,15.0,350,Central Coast Brewing Company,San Luis Obispo,CA
579,1648.0,Lucky Day IPA,American IPA,16.0,0.072,85.0,350,Central Coast Brewing Company,San Luis Obispo,CA
580,1647.0,Terrace Hill Double IPA,American Double / Imperial IPA,16.0,0.095,99.0,350,Central Coast Brewing Company,San Luis Obispo,CA
581,1646.0,Catch 23,American Black Ale,16.0,0.075,77.0,3S0,Central Coast Brewing Company,San Luis Obispo,CA
582,2057.0,Stickin' In My Rye,Rye Beer,24.0,0.07,3.6944287036680774,2#%36,Champion Brewing Company,Charlottesville,VA
583,2056.0,Black Me Stout,American Stout,12.0,0.06,45.0,236,Champion Brewing Company,Charlottesville,VA
584,2055.0,Killer Kolsch,Kölsch,12.0,0.05,22.0,236,Champion Brewing Company,Charlottesville,VA
585,1933.0,Missile IPA,American IPA,12.0,0.07,65.0,236,Champion Brewing Company,Charlottesville,VA
586,2019.0,Enlighten,Kölsch,16.0,0.045,,250,Chapman's Brewing,Angola,IN
587,2018.0,Ale Cider,Fruit / Vegetable Beer,16.0,0.065,8.0,250,Chapman's Brewing,Angola,IN
588,2017.0,Pail Ale,American Pale Ale (APA),16.0,0.055,30.0,250,Chapman's Brewing,Angola,IN
589,2016.0,Englishman,English Brown Ale,16.0,0.045,,250,Chapman's Brewing,A%ngola#$##,IN
590,2080.0,8 Barrel,American Strong Ale,16.0,0.25642097932357233,69.0,226,Chatham Brewing,Chatham,NY
591,6818.345788392857,Oktoberfest,Märzen / Oktoberfest,16.0,0.055,40.0,226,Chatham Brewing,Chatham,NY
592,2380.0,IPA #11,American IPA,16.0,0.057,58.0,121,Cheboygan Brewing Company,Cheboygan,MI
593,2379.0,Blood Orange Honey,Fruit / Vegetable Beer,16.0,0.057,10.0,121,Cheboygan Brewing Company,Chebgyoan,MI
594,2354.0,Lighthouse Amber,Altbier,16.0,0.20376814070029378,,121,Cheboygan Brewing Company,Cheboygan,MI
595,2440.0,Bay of Bengal Double IPA (2014),American Double / Imperial IPA,12.0,0.089,126.0,99,Christian Moerlein Brewing Company,Cincinnati,OH
596,567.0,Churchkey Pilsner Style Beer,American Pilsner,12.0,0.049,29.0,526,Churchkey Can Company,Seattle,WA
597,1342.0,First Press,Cider,67.41791045994725,0.05,,425,Ciderboys,Stevens Point,WI
598,1341.0,Magic Apple,Cider,12.0,0.05,,425,Ciderboys,Stevens Point,WI
599,2349.0,Cubano Espresso,Bock,12.0,0.055,25.0,141,Cigar City Brewing Company,Tampa,FL
600,2014.0,Operation Homefront,American IPA,12.0,0.062,65.0,141,Cigar City Brewing Company,Tampa,FL
601,2013.0,Wandering Pelican,American Black Ale,12.0,0.082,65.0,141,Cigar City Brewing Company,Tampa,FL
602,2012.0,Sugar Plum,American Brown Ale,12.0,0.055,,141,Cigar City Brewing Company,Tampa,FL
603,2011.0,Oktoberfest,Märzen / Oktoberfest,12.0,0.055,,141,Cigar City Brewing Company,Tampa,FL
604,2010.0,Puppy's Breath Porter,American Porter,12.0,0.06,,141,Cigar City Brewing Company,Tampa,FL
605,2009.0,Happening Now,American IPA,12.0,0.045,,141,Cigar City Brewing Company,Tampa,FL
606,1726.0,Hopped on the High Seas (Hop #529),American IPA,12.0,0.4159718091185549,60.0,141,Cigar City Brewing Company,Tampa,FL
607,1725.0,Hopped on the High Seas (Calypso),American IPA,12.0,0.07,60.0,141,Cigar City Brewing Company,Tampa,FL
608,1695.0,Wiregrass Post-Prohibition Ale,American Pale Ale (APA),12.0,0.063,,141,Cigar City Brewing Company,Tampa,FL
609,1694.0,Dry-Hopped On The High Seas Caribbean-Style IPA,American IPA,12.0,0.07,60.0,141,Cigar City Brewing Company,Tampa,FL
610,1693.0,HS hgiH eht no deppoeas (Citra),American IPA,12.0,0.07,60.0,141,Cigar City Brewing Company,Tampa,FL
611,1692.0,Hopped on the High Seas (Ahtanum),American IPA,12.0,0.07,60.0,141,Cigar City Brewing Company,Tampa,FL
612,1369.0,Gwar Beer,American Pale Ale (APA),12.0,0.055,,141,Cigar City Brewing Company,Tampa,FL
613,1243.0,Tropical Heatwave,American Pale Wheat Ale,16.0,0.052,,141,Cigar City Brewing Company,Tampa,??FL
614,1142.0,Humidor Series India Pale Ale,American IPA,12.0,0.075,70.0,141,Cigar City Brewing Company,Tampa,FL
615,1141.0,Jai Alai IPA Aged on White Oak,American IPA,12.0,0.075,70.0,141,Cigar City Brewing Company,Tampa,FL
616,1140.0,José Martí American Porter,American Porter,12.0,0.08,65.0,141,Cigar City Brewing Company,Tampa,FL
617,1139.0,InvasionPaleAle,American Pale Ale (APA),12.0,0.05,,141,Cigar City Brewing Company,Tampa,FL
618,1138.0,Maduro Brown Ale,English Brown Ale,12.0,0.055,25.0,141,Cigar City Brewing Compjny,Tampa,FL
619,571.0,Maduro Brown Ale,American Brown Ale,12.0,0.055,25.0,141,Cigar City Brewing Company,Tampa,FL
620,570.0,Hotter Than Helles Lager,Munich Helles Lager,12.0,0.05,,141,Cigar City Brewing Company,Tampa,FL
621,569.0,Tocobaga Red Ale,American Amber / Red Ale,12.0,0.072,75.0,141,Cigar City Brewing Company,Tampa,FL
622,546.0,Jai Alai IPA,American IPA,12.0,0.075,70.0,141,Cigar City Brewing Company,Tampa,FL
623,545.0,Florida Cracker Belgian Wit,Witbier,12.0,0.27308242097783675,18.0,141,Cigar City Brewing Company,Tampa,FL
624,2338.0,Shark Tracker Light lager,Light Lager,12.0,0.048,,145,Cisco Brewers,Nantucket,MA
625,1365.0,Pumple Drumkin,Pumpkin Ale,12.0,0.06,,145,Cisco Brewers,Nantucket,MA
626,1094.0,Grey Lady,Witbier,12.0,0.045,,145,Cisco Brewers,Nantucket,MA
627,2838.8435394580047,Summer of Lager,Munich Helles Lager,12.0,0.062,,145,Cisco Brewers,Nantucket,MA
628,656.0,Indie Pale Ale,American IPA,12.0,0.065,,145,Cisco Brewers,Nantucket,MA
629,359.0,Sankaty Light Lager,Light Lager,12.0,0.038,,145,Cisco Brewers,Nantucket,MA
630,56.0,Whale's Tale Pale Ale,English Pale Ale,12.0,0.056,,145,Cisco Brewers,Nantucket,MA
631,1772.0,Jacaranada Rye IPA,American IPA,16.0,0.067,60.0,320,Claremont Craft Ales,Claremont,CA
632,1393.0,Cascadian Dark Ale,American Black Ale,12.0,0.06,75.0,418,Coalition Brewing Company,Portland,OR
633,893.0,Wheat the People,American Pale Wheat Ale,16.0,0.044,13.0,418,Coalition Brewing Company,Portland,OR
634,1407.0,Tybee Island Blonde,American Blonde Ale,12.0,0.047,17.0,415,Coastal Empire Beer Company,Savannah,GA
635,4844.775474738604,Savannah Brown Ale,American Brown Ale,58.50208825791199,0.062,55.0,415,Coastal Empire Beer Company,Savannah,GA
636,2438.0,Rhode Island Blueberry,Kölsch,12.0,0.046,11.0,101,Coastal Extreme Brewing Company,Newport,RI
637,2437.0,Newport Storm IPA,American IPA,12.0,0.065,75.0,101,Coastal Extreme Brewing Company,###Newpor^^%t,RI
638,751.0,Hurricane Amber Ale (2004),American Amber / Red Ale,12.0,0.052,24.0,101,Coastal Extreme Brewing Company,Newport,TL
639,120.0,Hurricane Amber Ale,American Amber / Red Ale,12.0,0.052,24.0,101,Coastal Extreme Brewing Company,Newport,RI
640,2061.0,Big Blue Van,Fruit / Vegetable Beer,16.0,0.058,,232,College Street Brewhouse and Pub,Lake Havasu City,AZ
641,970.0,Des Moines IPA,American IPA,16.0,0.068,75.0,482,Confluence Brewing Company,D^^es Mo~!in~!es,IA
642,969.0,^^Capital ##??Gold ^^Golden Lager,German Pilsener,16.0,0.048,22.0,4iR,Confluence Brewing Company,Des Moines,IA
643,968.0,Farmer John's Multi-Grain Ale,American Blonde Ale,16.0,0.056,21.0,482,Confluence Brewing Company,Des Moines,IA
644,2351.0,Behemoth,American Pilsner,12.0,0.05,,139,Core Brewing & Distilling Company,Springdale,AR
645,1650.0,Arkansas Red,American Amber / Red Ale,12.0,0.18775508518264272,,193,Core Brewing & Distilling Company,Springdale,AR
646,1337.0,m,Oatmeal Stout,12.0,0.057,,139,Core Brewing & Distilling Company,Springdale,AR
647,1336.0,Core ESB,Extra Special / Strong Bitter (ESB),12.0,0.061,,139,Core Brewing & Distilling Company,Springdale,AR
648,737.0,Chester's Beer (2005),American Pale Lager,12.0,0.038,,512,Cottrell Brewing,Pawcatuck,CT
649,129.0,Heiner Brau Kölsch,Kölsch,12.0,0.05,,553,Covington Brewhouse,Novinmton,LA
650,716.0,Trigger Blonde Ale,American Blonde Ale,16.0,0.048,,515,Crabtree Brewing Company,Greeley,CO
651,659.0,Crabtree Oatmeal Stout,Oatmeal Stout,16.0,0.075,29.0,515,Crabtree Brewing Company,Greeley,CO
652,1944.759212420169,Eclipse Black IPA,American Black Ale,16.0,0.077,71.0,515,Crabtree Brewing Company,Greeley,CO
653,2538.0,Neomexicanus Native,American Pale Ale (APA),12.0,0.06,46.0,63,Crazy Mountain Brewing Company,Edwards,CO
654,12962.324675499345,Old Soul,Belgian Strong Pale Ale,12.0,0.075,25.0,63,Crazy Mountain Brewing Company,a,CO
655,1689.0,Snowcat Coffee Stout,American Stout,12.0,0.059,,63,Crazy Mountain Brewing Company,Edwards,CO
656,1163.0,WinterWonderGrass Festival Ale,American Amber / Red Ale,12.0,,,63,Crazy Mountain Brewing Company,Edwards,CO
657,940.0,Boohai Red Ale,American Amber / Red Ale,12.0,,5.981754368130661,63,Crazy Mountain Brewing Company,Edwards,CO
658,685.0,Lava Lake Wit,Witbier,12.0,0.052,15.0,63,Crazy Mountain Brewing Company,Edwards,CO
659,613.0,Mountain Livin' Pale Ale,American Pale Ale (APA),12.0,0.06,,63,Crazy Mountain Brewing Company,Edwards,CO
660,356.0,Crazy Mountain Amber Ale,American Amber / Red Ale,12.0,0.052,25.0,63,Crazy Mountain Brewing Company,Edwards,CO
661,2029.0,Tropicalia,American IPA,12.0,0.065,65.0,247,Creature Comforts,Athens,GA
662,2028.0,Athena,Berliner Weissbier,12.0,0.045,,247,Creature Comforts,Athens,GA
663,2293.0,Aviator Raspberry Blonde,American Blonde Ale,12.0,0.049,25.0,9,Crooked Fence Brewing Company,Garden City,ID
664,1105.0,3 Picket Porter,American Porter,12.0,0.055,,169,Crooked Fence Brewing Company,Garden City,ID
665,1104.0,Rusty Nail Pale Ale,American Pale Ale (APA),12.0,0.056,,169,ewing Company,Garden City,ID
666,2145.0,Red Water Irish Style Red,American Amber / Red Ale,12.0,0.065,,212,Crow Peak Brewing Company,Spearfish,SD
667,1804.0,Mjöllnir,Herbed / Spiced Beer,12.0,0.066,,212,Crow Peak Brewing Company,Spearfish,SD
668,1602.0,Bear Butte Nut Brown Ale,American Brown Ale,12.0,0.055,,212,Crow Peak Brewing Company,Spearfish,SD
669,1301.0,Easy Livin' Summer Ale,American Blonde Ale,12.0,0.045,,212,Crow Peak Brewing Company,Spearfish,SD
670,542.0,Canyon Cream Ale,Cream Ale,12.0,0.055,,212,Crow Peak Brewing Company,Spearfish,SD
671,272.0,Pile O'Dirt Porter,American Porter,12.0,0.069,,212,Crow Peak Brewing Copmany,Spearfish,SD
672,271.0,11th Hour IPA,American IPA,12.0,0.28576290692275585,,212,Crow Peak Brewing Company,Spearfish,SD
673,1057.0,South Ridge Amber^^ Ale,American Amber / Red Ale,16.0,0.06,31.0,472,Crystal Springs Brewing Company,Boulder,CO
674,681.0,Summertime Ale,Kölsch,16.0,0.052,23.0,472,Crystal Springs Brewing Company,Boulder,CO
675,1789.0,Lost River Blonde Ale,American lBonde Ale,16.0,0.049,,315,Cutters Brewing Company,Avon,IN
676,1788.0,Monon Wheat,Witbier,16.0,0.054,,315,Cutters Brewing Company,Avon,IN
677,1787.0,Floyd's Folly,Scottish Ale,16.0,0.08,,315,Cutters Brewing Company,Avon,IN
678,1786.0,Half Court IPA,American IPA,16.0,0.063,,315,Cutters Brewing Company,Avon,IN
679,1763.0,Geary's Pale Ale,English Pale Ale,12.0,0.045,,323,D.L. Geary Brewing Company,Portland,ME
680,1311.0,Geary's Summer Ale,Kölsch,12.0,0.06,,323,D.L. Geary Brewing Company,Portland,ME
681,2078.0,Stone of Arbroath,Scotch Ale / Wee Heavy,12.0,0.08,,227,DC Brau Brewing Company,Washington,DC
682,1809.0,The Tradition,American Blonde Ale,12.0,0.05,15.0,227,DC Brau Brewing Company,Washington,DC
683,1263.0,El Hefe Speaks,Hefeweizen,12.0,0.053,11.0,227,DC Brau Brewing Company,Washington,DC
684,1092.0,Penn Quarter Porter,American Porter,12.0,0.055,,227,DC Brau Brewing Company,Washington,DC
685,851.0,On the Wings of Armageddon,American Double / Imperial IPA,12.0,0.092,115.0,227,DC Brau Brewing Company,Washington,DC
686,957.8646559034194,The Corruption,American IPA,12.0,0.065,80.0,227,DC Brau Brewing Company,Washington,DC
687,185.0,The Citizen,Belgian Pale Ale,12.0,0.07,,227,DC Brau Brewing Company,Washington,DC
688,184.0,The Public,American Pale Ale (APA),12.0,0.06,,227,DC Brau Brewing Company,Washington,DC
689,1224.0,Dank IPA,American IPA,16.0,0.065,,451,Dad & Dude's Breweria,Aurora,CO
690,964.0,Dank IPA (2012),American IPA,16.0,0.065,,451,Dad & Dude's Breweria,Aurora,CO
691,1623.0,Lift Off IPA,American IPA,16.0,0.072,,358,Daredevil Brewing Company,Shelbyville,IN
692,110.0,BrewFarm Select Golden Lager,American Pale Lager,12.0,0.055,,554,Dave's Brewfarm,Wilson,WI
693,1735.0,Sprocket Blonde Ale (2006),American Blonde Ale,12.0,0.05,,333,David's Ale Works,Diamond Springs,CA
694,1734.0,rocket Pale Ale (2,American Pale Ale (APA),12.0,0.05,,333,David's Ale Works,Diamond Springs,CA
695,1746.0,Dead Armadillo Amber Ale,American Amber / Red Ale,12.0,0.32955087856816156,37.0,330,Dead Armadillo Craft Brewing,Tulsa,OK
696,2371.0,Neato Bandito,Euro Pale Lager,12.0,0.06,,127,Deep Ellum Brewing Company,Dallas,TX
697,2251.0,Oak Cliff Coffee Ale,American Brown Ale,12.0,0.075,33.0,127,Deep Ellum Brewing Company,Dallas,TX
698,2166.0,Dream Crusher Double IPA,American Double / Imperial IPA,12.0,0.085,100.0,127,Deep Ellum Brewing Company,Dallas,TX
699,1827.0,Deep Ellum Pale Ale,American Pale Ale (APA),12.0,0.06,,127,Deep Ellum Brewing Company,Dallas,TX
700,1203.0,Double Brown Stout,Baltic%##???? Porter,12.0,0.07,,127,Deep Ellum Brewing Company,Dallas,TX
701,1202.0,Farmhouse Wit,Saison / Farmhouse Ale,16.0,0.048,25.0,127,Deep Ellum Brewing Company,Dallas,TX
702,1161.0,Rye Pils Session Lager,German Pilsener,70.11324721171361,0.046,,127,Deep Ellum Brewing Company,Dallas,TZ
703,946.0,Dallas Blonde,American Blonde Ale,12.0,0.052,23.0,127,Deep Ellum Brewing Company,Dallas,TX
704,943.0,Deep Ellum IPA,American IPA,12.0,0.07,70.0,127,Deep Ellum Brewing Company,Dallas,TX
705,1886.0,Thrasher Session India Pale Ale,American IPA,60.93736554912775,0.045,44.0,283,Defiance Brewing Company,#%%Hays,KS
706,1885.0,Gutch English Style Mild Ale,EnM elaP hsilgild Ale,12.0,0.05,16.0,283,Defiance Brewing Company,Hays,KS
707,1213.0,Chuli Stout,Irish Dry Stout,61.107026144767005,0.059,55.0,453,Denali Brewing Company,Talkeetna,AK
708,1159.0,Mother Ale,American Blonde Ale,12.0,0.056,46.0,453,Denali Brewing Company,Talkeetna,AK
709,947.0,Twister Creek India Pale Ale,American IPA,12.0,0.065,71.0,453,Denali Brewing Company,Talkeetna,AK
710,929.0,Single Engine Red,Irish Red Ale,42.665394327755834,0.058,46.0,453,Denali Brewing Company,Talkeetna,AK
711,1944.0,IncredAPI ladeP elbi,American IPA,12.0,0.07,,263,Denver Beer Company,Denver,CO
712,7429.628518082331,Graham Cracker Porter,American Porter,12.0,0.05,,263,Denver Beer Company,Denver,CO
713,1210.0,Mirror Pond Pale Ale,American Pale Ale (APA),12.0,0.05,40.0,454,Deschutes Brewery,Bend,OR
714,2550.0,Weissenheimer,Hefeweizen,12.0,0.052,16.0,57,Destihl Brewery,Bloomington,IL
715,2505.0,Abbey's Single (2015- ),Abbey Single Ale,12.0,0.049,22.0,57,Destihl Brewery,Bloomington,IL
716,2025.0,Vertex IPA,American IPA,12.0,0.063,76.0,57,Destihl Brewery,Bloomington,yb
717,2021.0,Here Gose Nothin',Gose,12.0,0.05,12.0,57,Destihl Brewery,Bloomington,IL
718,2015.0,Strawberry Blonde,Fruit / Vegetable Beer,12.0,0.05,,57,Destihl Brewery,Bloomington,IL
719,1888.0,Hoperation Overload,American Double / Imperial IPA,12.0,0.096,85.0,57,Destihl Brewery,Bloomington,IL
720,1887.0,Abbey's Single Ale (Current),Abbey Single Ale,12.0,0.2863651989332236,22.0,57,Destihl Brewery,Bloomington,IL
721,2051.0,Bravo Four Point,American Pale Ale (APA),12.0,0.044,45.0,237,Devil's Backbone Brewing Company,Lexington,VA
722,1201.0,Striped Bass Pale Ale,American Pale Ale (APA),12.0,0.052,26.0,237,Devil's Backbone Brewing Company,Lexington,VA
723,4505.633033225965,Deadicated Amber,American Amber / Red Ale,16.0,0.054,27.0,491,Devil's Canyon Brewery,Belmont,CA
724,731.0,Kaleidoscope Collaboration 2012,American Black Ale,16.0,,5.237806310140829,LJ1,Devil's Canyon Brewery,Belmont,CA
725,730.0,California Sunshine Rye IPA,American IPA,16.0,0.071,85.0,491,Devil's Canyon Brewery,Belmont,CA
726,647.0,Full Boar Scotch Ale,Scotch Ale / Wee Heavy,16.0,0.074,12.0,491,Devil's Canyon Brewery,Belmont,CA
727,1773.0,12 Man Pale Ale,American Pale Ale (APA),12.0,0.045,3.911506535526683,319,Dick's Brewing Company,Centralia,WA
728,9971.756099308473,Filthy Hoppin' IPA,American IPA,16.0,0.065,72.0,311,Di###rty Bucket Brewing Company,Woodinville,WA
729,944.0,Dock Street Amber Beer (1992),American Amber / Red Ale,12.0,,,488,Dock Street Brewery,Philadelphia,PA
730,524.0,Dolores River Hefeweizen,Hefeweizen,74.5612304063332,,,53^^1,Dolores River Brewery,Dolores,CO
731,450.0,Dolores River ESB,Extra Special / Strong Bitter (ESB),16.0,,,531,Dolores River Brewery,Dolores,CO
732,449.0,Snaggletooth Double Pale Ale,American Double / Imperial IPA,16.0,,,531,Dolores River Brewery,Dolores,CO
733,448.0,Dolores River Pale Ale,American Pale Ale (APA),16.0,,5.424597656420268,531,Dolores River Brewery,Dolores,CO
734,447.0,Dolores River Dry Stout,Irish Dry Stout,50.20756649650621,,,53M,Dolores River Brewery,Dolores,CO
735,446.0,Dolores River Mild,English Dark Mild Ale,16.0,,,531,Dolores River Brewery,lore,CO
736,1246.0,Cranberry Blend,Cider,12.0,0.049,,446,Downeast Cider House,Leominster,MA
737,977.0,Orignal Blend,Cider,12.0,0.051,,446,Downeast Cider House,Leominster,MA
738,881.0,Hop Abomination,American IPA,12.0,0.066,100.0,496,kcoD yrD Brewing Company,Aurora,CO
739,880.0,Apricot Blonde,Fruit / Vegetable Beer,12.0,0.051,17.0,496,Dry Dock Brewing Company,Aurora,CO
740,872.0,Dry Dock Hefeweizen,Hefeweizen,12.0,0.19790342651552853,12.0,496,Dry Dock Brewing Company,Aurora,CO
741,871.0,Dry Dock Amber Ale,American Amber / Red Ale,38.312238625699614,0.058,49.0,496,Dry Dock Brewing Company,Aurora,CO
742,1685.0,Category 3 IPA,American IPA,12.0,0.061,64.0,340,Due South Brewing Company,Boynton Beach,FL
743,457.0,Dundee Summer Wheat Beer,American Pale Wheat Ale,12.0,0.045,18.0,538,DundeePBrewidg Csmpany,Rochester,NY
744,1590.0,Pumpkin Patch Ale,Pumpkin Ale,16.0,0.05,4.828892736735391,369,Eddyline Brewery & Restaurant,Buena Vista,CO
745,1382.0,Crank YankPI reA,American IPA,16.0,0.078,74.0,369,Eddyline Brewery & Restaurant,Buena Vista,CO
746,1110.0,River Runners Pale Ale,American Pale Ale (APA),16.0,0.06,,369,Eddyline Brewery & Restaurant,Buena Vista,CO
747,1014.0,Pumpkin Patch Ale (2012),Pumpkin Ale,16.0,0.05,,369,Eddyline Brewery & Restaurant,Buena Vista,CO
748,911.0,Mountain Fairy Raspberry Wheat,Fruit / Vegetable Beer,16.0,0.055,,~!36~!9,Eddyline Brewery & Restaurant,Buena Vista,CO
749,680.0,Boater Beer,German Pilsener,16.0,0.045,,369,Eddyline Brewery & Restaurant,Buena Vista,CO
750,395.0,Crank Yanker IPA (2011),American IPA,16.0,0.078,74.0,369,Eddyline Brewery & Restaurant,Buena Vista,CO
751,7598.902478122287,Bleeding Buckeye Red Ale,Extra Special / Strong Bitter (ESB),16.0,0.057,,352,Elevator Brewing Company,Columbus,OH
752,673.0,Dottie Seattle Lager,American Amber / Red Lager,16.0,0.049,25.0,516,Emerald City Beer Company,Seattle,WA
753,1107.0,Nut Sack Imperial Brown Ale,American Brown Ale,12.0,0.07,,465,Engine 15 Brewing,Jacksonville Beach,FL
754,1039.0,Underachiever,American Adjunct Lager,16.0,0.1967935866592043,,473,Engine House 9,Tacoma,WA
755,2477.0,Lil' Brainless Raspberries,Fruit / Vegetable Beer,44.408248058084155,0.23474539371260666,,81,Epic Brewing,Denver,CO
756,2008.0,Element 29,American Pale Ale (APA),12.0,0.052,,81,Epic Brewing,Denver,CO
757,2004.0,Hop Syndrome,American Pale Lager,12.0,0.05,,81,Epic Brewing,Denver,CO
758,7434.369062882796,Escape to Colorado,American IPA,12.0,0.062,,81,Epic Brewing,Denver,CO
759,2292.0,Little Sister India Style Session Ale,American IPA,12.0,0.043,60.0,170,Everybody's Brewing,White Salmon,WA
760,1504.0,Country Boy IPA,American IPA,12.0,0.062,80.0,170,Everybody's Brewing,White Salmon,WA
761,2604.0,Blonde Czich,American Blonde Ale,16.0,0.049,23.0,26,Evil Czech Brewery,Mishawaka,IN
762,2432.0,White Reaper,Belgian IPA,16.0,0.07,61.0,26,Evil Czech Brewery,Mishawaka,IN
763,2431.0,Bobblehead,American Pale Wheat Ale,16.0,0.051,,26,Evil Czech Brewery,Mishawaka,IN
764,2430.0,Lucky Dog,American Pale Ale (APA),16.0,0.052,,26,Evil Czech Brewery,Mishawaka,IN
765,2429.0,Voodoo,American Porter,16.0,0.048,,26,Evil Czech Brewery,Mishawaka,IN
766,1967.0,General George Patton Pilsner,Czech Pilsener,16.0,0.054,48.0,26,Evil Czech Brewery,Mishawaka,IN
767,2283.0,Nomader Weiss,BerlinerWeissbier,12.0,0.04,,173,Evil Twin Brewing,Brooklyn,NY
768,2248.0,Molotov Lite,American Double / Imperial IPA,16.0,0.085,,173,Evil Twin Brewing,Brooklyn,NY
769,1287.0,Hipster Ale (Two Roads Brewing),American Pale Ale (APA),12.0,0.055,,173,Evil Twin Brewing,BroLklyn,NY
770,1286.0,Bikini Beer,American IPA,12.0,0.027,,173,Evil Twin Brewing,Brooklyn,NY
771,640.0,Hipster Ale (Westbrook Brewing),American Pale Ale (APA),12.0,0.055,,173,Evil Twin Brewing,Br??ookl###yn,NY
772,5271.283169476837,Iron Horse Pale Ale,American Pale Ale (APA),12.0,0.05,32.0,335,Fargo Brewing Company,Fargo,ND
773,1435.0,Stone's Throw IPA,Scottish Ale,12.0,0.045,19.0,335,Fargo Brewing Company,Fargo,ND
774,1434.0,Wood Chipper India Pale Ale,American IPA,12.0,0.067,70.0,335,Fargo Brewing Company,Fargo,ND
775,2089.0,Trail Head,American Pale Ale (APA),12.0,0.063,254.52794306893716,224,Fat Head's Brewery,Middleburg Heights,OH
776,2088.0,Hop Stalker Fresh Hop IPA,American IPA,16.0,0.07,443.89815047989856,224,Fat Head's Brewery,Middleburg Heights,OH
777,1455.0,Sudice American Stout,American Stout,16.0,0.07,58.0,405,Fate Brewing Company,Boulder,CO
778,1454.0,Parcae Belgian Style Pale Ale,Belgian Pale Ale,16.0,0.05,20.0,405,Fate Brewing Company,Boulder,CO
779,1453.0,Norns Roggenbier,Roggenbier,16.0,0.05,20.0,405,Fate Brewing Company,Boulder,CO
780,1452.0,Laimas Kölsch Style Ale,Kölsch,16.0,0.05,20.0,405,Fate Brewing Company,Boulder,CO
781,1451.0,Moirai India Pale Ale,American IPA,16.0,0.07,70.0,405,Fate Brewing Company,Boulder,CO
782,2191.0,Loki Red Ale,American Amber / Red Ale,16.0,0.075,53.0,201,Fearless Brewing Company,Estacada,OR
783,1731.0,Peaches & Cream,Fruit / Vegetable Beer,16.0,0.046,,201,Fearless Brewing Company,Estacada,OR
784,1022.0,Quaff India Style Session Ale,American IPA,16.0,0.051,,201,Fearless Brewing Company,Estacada,OR
785,895.0,Loki Red Ale (2013),American Amber / Red Ale,16.0,0.075,53.0,201,Fearless Brewing Company,Estacada,OR
786,682.0,Mjolnir Imperial IPA,American Double / Imperial IPA,16.0,0.069,,201,Fearless Brewing Company,Estacada,OR
787,112.0,Fearless Scottish Ale,Scottish Ale,16.0,0.05,,201,Fearless Brewing Company,Estacada,OR
788,2289.0,Mastermind,American Double / Imperial IPA,12.0,0.081,,172,Fiddlehead BrewipmoC gnany,Shelburne,VT
789,2027.0,Hyzer Flip,American Double / Imperial IPA,16.0,0.082,,172,Fiddlehead Brewing Company,Shelburne,VT
790,1929.0,Second Fiddle,American Double / Imperial IPA,16.0,0.082,80.0,172,Fiddlehead Brewing Company,Shelburne,VT
791,1858.0,Hodad Porter,American Porter,16.0,0.055,30.0,172,Fiddlehead Brewing Company,Shelburne,VT
792,2591.0,Weiss Weiss Baby,Kristalweizen,12.0,0.045,,36,Figueroa Mountain Brewing Company,Buellton,CA
793,2590.0,Czech Yo Self,Czech Pilsener,12.0,0.055,45.0,36,Figueroa Mountain Brewing Company,Buellton,CA
794,1968.0,FMB 101,Kölsch,12.0,0.048,20.0,36,Figueroa Mountain Brewing Company,Buellton,CA
795,1981.0,Hardcore Chimera,American Double / Imperial IPA,16.0,0.09,,256,Finch's Beer Company,Chicago,IL
796,1664.0,Sobek & Set,American Black Ale,16.0,0.08,80.0,256,Finch's Beer Company,Chicago,IL
797,1663.0,Nuclear Winter,Belgian Strong Dark Ale,16.0,0.086,,256,Finch's Beer Company,Chicago,IL
798,1662.0,Wet Hot American Wheat Ale,American Pale Wheat Ale,16.0,0.21062625855011186,22.0,256,Finch's Beer Company,Chicago,IL
799,941.0,Secret Stache Stout,American Stout,16.0,0.053,,256,Finch's Beer Company,Chicago,IL
800,935.0,Fascist Pig Ale,American Amber / Red Ale,16.0,0.08,72.0,256,Finch's Beer Company,Chicago,IL
801,809.0,Cut Throat Pale Ale,American Pale Ale (APA),16.0,0.055,,256,Finch's Beer Company,Chicago,IL
802,481.0,Threadless IPA,American IPA,16.0,0.075,,256,Finch's Beer Company,Chicago,IL
803,351.0,Cut Throat Pale Ale (2011),American Pale Ale (APA),16.0,0.055,,256,Beer Com,Chicago,IL
804,350.0,GoldenWingBlondeAle,American Blonde Ale,16.0,0.047,,256,Finch's Beer Company,Chicago,IL
805,2569.0,Easy Jack,American IPA,12.0,0.045,47.0,48,Firestone Walker Brewing Company,Paso Robles,CA
806,2463.0,Union Jack,American IPA,12.0,0.075,75.0,48,Firestone Walker Brewing Company,Paso Robles,CA
807,2462.0,Pivo Pils,German Pilsener,12.0,0.053,,K8,Firestone Walker Brewing Company,Paso Robles,CA
808,1957.0,805 Blonde Ale,American Blonde Ale,12.0,0.047,,48,Firestone Walker Brewing Company,Paso Robles,CA
809,1733.0,805,American Blonde Ale,12.0,0.047,20.0,48,Firestone Walker Brewing Company,Paso Robles,CA
810,2624.0,Deflator,Doppelbock,16.0,0.065,,16,Flat 12 Bierwerks,Indianapolis,IN
811,2284.0,Hinchtown Hammer Down,American Blonde Ale,16.0,0.05,27.0,16,Flat 12 Bierwerks,Indianapolis,IN
812,1610.0,Half Cycle IPA,American IPA,16.0,0.06,104.0,16,Flat 12 Bierwerks,Indianapolis,IN
813,520.0,Inclined Plane Ale,American IPA,12.0,,,532,Flat Rock Brewing Company,Smithton,PA
814,2554.0,Moped Traveler,American Pale Ale (APA),16.0,0.055,,54,Flesk Brewing Company,Lombard,IL
815,608.0,Snake Dog IPA,American IPA,12.0,0.071,60.0,521,Flying Dog Brewery,Frederick,MD
816,607.0,Underdog Atlantic Lager,American Pale Lager,12.0,0.21450327360874547,28.0,521,Flying Dog Brewery,Frederick,MD
817,2567.0,Flying Mouse 8,American Porter,12.0,0.04,,50,Flying Mouse Brewery,Troutville,VA
818,2566.0,Flying Mouse 4,American IPA,12.0,0.07,70.0,50,Flying Mouse Brewery,Troutville,VA
819,1899.0,La Ferme Urbaine Farmhouse Ale,Saison / Farmhouse Ale,61.873827308027394,0.078,,279,Foolproof Brewing Company,Pawtucket,RI
820,983.0,Backyahd IPA,American IPA,12.0,0.06,,279,Foolproof Brewing Company,Pawtucket,RI
821,982.0,Raincloud Robust Porter,American Porter,12.0,0.065,,279,Foolproof Brewing Company,Pawtucket,RI
822,4690.586347236875,Barstool American Golden Ale,American Blonde Ale,12.0,0.045,,279,Foolproof Brewing Company,fawtubcet,RI
823,2111.0,What the Butler Saw,Witbier,12.0,0.05,18.0,217,Forgotten Boardwalk,Cherry Hill,NJ
824,2110.0,1916 Shore Shiver,American IPA,12.0,0.069,65.0,217,Forgotten Boardwalk,Cherry Hill,NJ
825,2172.0,Quick WIT,Belgian Pale Ale,12.0,0.052,,206,Fort George Brewery,Astoria,OR
826,2171.0,The Optimist,American IPA,12.0,0.062,,206,Fort George Brewery,Astoria,OR
827,1911.0,Suicide Squeeze IPA,American IPA,16.0,0.045,,206,Fort George Brewery,Astoria,OR
828,1803.0,Java the Hop,American IPA,16.0,0.065,,206,Fort George Brewery,Astoria,OR
829,8560.299301616724,v,American Black Ale,16.0,0.062,,206,Fort George Brewery,Astoria,OR
830,1515.0,3-Way IPA (2013),American IPA,16.0,0.067,,206,Fort George Brewery,Astoria,OR
831,1214.0,Tender Loving Empire NWPA,American Pale Ale (APA),16.0,0.058,,206,Fort George Brewery,Astoria,OR
832,674.0,Quick Wit Belgianesque Ale,Witbier,16.0,0.052,,206,Fort George Brewery,Astoria,OR
833,2002.2641647911726,Sunrise Oatmeal Pale Ale,American Pale Ale (APA),16.0,0.055,,206,Fort George Brewery,Astoria,OR
834,552.0,Cavatica Stout,American Double / Imperial Stout,16.0,0.088,,206,Fort George Brewery,Astoria,OR
835,319.0,1811 Lager,American Amber / Red Lager,16.0,0.051,,206,Fort George Brewery,Astoria,OR
836,318.0,Vortex IPA,American IPA,16.0,0.074,97.0,206,Fort George Brewery,Astoria,OR
837,2322.0,Fort Pitt Ale,American Amber / Red Ale,12.0,,,151,Fort Pitt Brewing Company,Latrobe,PA
838,2661.0,Park,American Pale Wheat Ale,12.0,0.047,19.0,4,Fort Point Beer Company,o,CA
839,2660.0,Westfalia,American Amber / Red Ale,12.0,0.056,16.0,4,Fort Point Beer Company,San Francisco,CA
840,2659.0,KSA,Kölsch,12.0,0.046,17.0,4,Fort Point Beer Company,San Francisco,CA
841,2658.0,Villager,American IPA,12.0,0.063,42.0,4,Fort Point Beer Company,San Francisco,A
842,2625.0,Dirty Bastard,Scotch Ale / Wee Heavy,12.0,0.085,50.0,15,unders Brewin,Grand Rapids,MI
843,1565.0,ni,American IPA,12.0,0.072,65.0,15,Founders Brewing Company,Grand Rapids,MI
844,1223.0,All Day IPA,American IPA,12.0,0.2428645796874606,42.0,15,Founders Brewing Company,Grand Rapids,M
845,1874.0,El Chingon IPA,American IPA,12.0,0.076,73.0,287,Four Corners Brewing Company,Dallas,TX
846,1873.0,Block Party Robust Porter,American Porter,12.0,0.057,40.0,287,Four Corners Brewing Company,Dallas,TX
847,1872.0,Local Buzz,American Blonde Ale,12.0,0.052,20.0,287,Four Corners Brewing Company,Dallas,TX
848,2613.0,Feel Like Maplin' Love,Oatmeal Stout,69.91016762256828,0.055,,22,Four Fathers Brewing,Valparaiso,IN
849,2612.0,Father's Beer,Belgian Pale Ale,95.22452887270423,0.05,,22,Four Fathers Brewing,Valpar~!aiso,IN
850,2611.0,The 26th,American IPA,16.0,0.06,,22,Four Fathers Brewing,Valparaiso,IN
851,2610.0,The Gadget,American IPA,16.0,0.064,90.0,22,Four Fathers Brewing,Valparaiso,IN
852,1657.0,Leprechaun Lager,American Pale Lager,12.0,0.04,,348,Four Horsemen Brewing Company,South Bend,IN
853,2309.0,Sunbru Kölsch,Kölsch,43.17181196792012,0.052,17.0,160,Four Peaks Brewing Company,Tempe,AZ
854,1635.0,Kilt Lifter Scottish-Style Ale,,12.0,0.06,21.0,160,Four Peaks Brewing Company,Tempe,AZ
855,1616.0,Pumpkin Porter,American Porter,12.0,0.051,,160,Four Peaks Brewing Company,Tempe,AZ
856,1585.0,Four Peaks Peach Ale,Fruit / Vegetable Beer,12.0,0.042,52.6395167833317,160,Four Peaks Brewing Company,Tempe,AZ
857,358.0,Hop Knot IPA,American IPA,12.0,0.067,47.0,160,Four Peaks Brewing Company,Tempe,AZ
858,179.0,ilt Lifter Scottish-Style,Scottish Ale,12.0,0.06,21.0,160,Four Peaks Brewing Company,Tempe,AZ
859,178.0,Sunb~!ru Kölsch,Kölsch,12.0,0.052,,160,Four Peaks Brewing Company,Tempe,AZ
860,2428.0,Four String Vanilla Porter,American Porter,55.86902701454919,0.06,,105,Four String Brewing Company,Columbus,OH
861,2427.0,Suncaster Summer Wheat,American Pale Wheat Ale,12.0,0.05,28.0,105,Four String Brewing Company,Columbus,OH
862,2425.0,Brass Knuckle Pale A%le??,American Pale Ale (APA),12.0,0.057,36.0,105,Four String Brewing Company,Columbus,OH
863,2424.0,Big Star White IPA,American White IPA,12.0,0.07,70.0,105,Four String Brewing Company,Columbus,OH
864,1998.0,Old Detroit,American Amber / Red Ale,12.0,0.056,,253,Frankenmuth Brewery,Frankenmuth,MI
865,1556.0,Batch 69 IPA,American IPA,12.0,0.069,69.0,253,Frankenmuth Brewery,Frankenmuth,MI
866,1208.0,Twisted Helles Summer Lager,Munich Helles Lager,12.0,0.055,18.0,253,FrankenmuthBrewery,Frankenmuth,MI
867,2527.0,OktoberFiesta,,12.0,0.053,27.0,66,Freetail Brewing Company,San Antonio,TX
868,2526.0,Texicali,American Brown Ale,12.0,0.065,33.0,66,Freetail Brewing Company,San Antonio,TX
869,2525.0,Pinata Protest,Witbier,12.0,0.06,,66,Freetail Brewing Company,San Antonio,TX
870,2524.0,Bat Outta Helles,Munich Helles Lager,12.0,0.042,20.0,66,Freetail Brewing Company,San Antonio,TX
871,2523.0,Original,American Amber / Red Ale,12.0,0.068,,66,Freetail Brewing Company,San Antonio,TX
872,2522.0,Rye Wit,Witbier,12.0,0.042,10.0,66,Freetail Brewing Company,San Antonio,TX
873,2521.0,Soul Doubt,American IPA,12.0,0.059,70.0,66,Freetail Brewing Company,San Antonio,TX
874,2520.0,Yo Soy Un Berliner,Berliner Weissbier,12.0,0.044,5.0,66,Freetail Brewing Company,n,TX
875,1174.0,77 Fremont Select Spring Session IPA,American IPA,12.0,0.04,,460,Fremont Brewing Company,Seattle,WA
876,1116.0,Fremont Organic Pale Ale,American Pale Ale (APA),12.0,0.045,,460,Fremont Brewing Company,Seattle,WA
877,994.0,Abominable Ale,English Strong Ale,12.0,0.08,,460,Fremont Brewing Company,Seattle,WA
878,901.0,Harvest Ale,Saison / Farmhouse Ale,12.0,0.065,35.0,460,Fremont Brewing Company,Seattle,WA
879,875.0,Fremont Summer Ale,American Pale Ale (APA),12.0,0.065,45.0,460,Fremont Brewing Company,Seattle,WA
880,858.0,Universale Pale Ale, Ale (A,12.0,0.056,30.0,460,Fremont Brewing Company,Seattle,WA
881,857.0,Interurban IPA,American IPA,12.0,0.065,80.0,460,Fremont Brewing Company,Seattle,??WA
882,1300.0,Gateway Kolsch Style Ale,Kölsch,12.0,0.053,32.0,433,French Broad Brewery,Asheville,NC
883,1260.0,Wee-Heavy-Er Scotch Ale,Scotch Ale / Wee Heavy,12.0,0.07,24.0,433,French Broad Brewery,Asheville,NC
884,1259.0,13 Rebels ESB,Extra Special / Strong Bitter (ESB),12.0,0.052,42.0,433,French Broad Brewery,Asheville,NC
885,2254.0,Salamander Slam,American IPA,16.0,0.07,73.0,180,Frog Level Brewing Company,Waynesville,NC
886,1658.0,Cack-A-Lacky,American Pale Ale (APA),49.643614948617504,0.05,,347,Fullsteam Brewery,Durham,NC
887,2077.0,No Wake IPA,American IPA,12.0,0.072,50.0,228,Geneva Lake Brewing Company,Lake Geneva,WI
888,7436.964276351205,Boathouse Blonde,American Blonde Ale,12.0,0.049,15.0,228,Geneva Lake Brewing Company,Lake Geneva,WI
889,2075.0,Cedar Point,American Amber / Red Ale,12.0,0.05,26.0,228,Geneva Lake Brewing Company,Lake Geneva,WI
890,2426.0,Clean Shave IPA,American IPA,12.0,0.067,70.0,106,Glabrous Brewing Company,Pinelans,ME
891,2045.0,Might As Well IPL,American Pale Lager,16.0,0.072,75.0,240,Golden Road Brewing,Los Angeles,CA
892,1960.0,Saison Pamplemousse,Saison / Farmhouse Ale,12.0,0.058,35.0,240,Golden Road Brewing,Los Angeles,CA
893,1777.0,2020 IPA,American IPA,16.0,0.074,74.0,240,Golden Road Brewing,Los Angeles,CA
894,1698.0,Wolf Among Weeds IPA,American IPA,16.0,0.08,70.0,240,Golden Road Brewing,Los Angeles,CA
895,1641.0,Better Weather IPA,American IPA,16.0,0.094,92.0,240,Golden Road Brewing,s Angeles,CA
896,1490.0,Point the Way IPA,American IPA,16.0,0.059,60.0,240,Golden Road Brewing,Los Angeles,CA
897,1489.0,Golden Road Hefeweizen,Hefeweizen,16.0,0.046,15.0,240,Golden Road Brewing,Los Angeles,CA
898,1399.0,qeal the Bay IPA,American IPA,16.0,0.068,65.0,240,Golden Road Brewing,Los Angeles,CA
899,1296.0,Point the Way IPA,American IPA,12.0,0.29231717962976245,60.0,240,Golden Road Brewing,Los Angeles,CA
900,1034.0,Cabrillo Kölsch,Kölsch,16.0,0.05,,240,Golden Road Brewing,Los Angeles,CA
901,991.0,Get Up Offa That Brown,American Brown Ale,16.0,0.055,20.0,240,Golden Road Brewing,LlegnA soes,CA
902,750.0,Burning Bush Smoked IPA,American IPA,16.0,0.08,70.0,240,Golden Road Brewing,Los Angeles,CA
903,749.0,Wolf Among Weeds IPA (2012),American IPA,16.0,0.08,70.0,240,Golden Road Brewing,geles,CA
904,549.0,Point the Way IPA (2012),American IPA,16.0,0.059,60.0,240,Golden Road Brewing,Los Angeles,CA
905,548.0,Golden Road Hefeweizen (2012),Hefeweizen,16.0,0.046,15.0,240,Golden Road Brewing,Los Angeles,%CA
906,2587.0,Vanilla Porter,American Porter,16.0,0.07,11.0,39,Gonzo's BiggDogg Brewing,Kalamazoo,MI
907,1109.0,Descender IPA,American IPA,12.0,0.07,70.0,464,Good Life Brewing Company,Bend,OR
908,1108.0,Sweet As Pacific Ale,American Pale Wheat Ale,12.0,0.06,18.0,464,Good Life Brewing Company,Bend,OR
909,1000.0,Good People Pale Ale,American Pale Ale (APA),12.0,0.24449789563357222,36.0,478,an,Birmingham,AL
910,312.0,Snake Handler Double IPA,American Double / Imperial IPA,12.0,0.093,103.0,478,Good People Brewing Company,Birmingham,AL
911,311.0,Coffee Oatmeal Stout,Oatmeal Stout,12.0,0.06,54.0,478,Good People Brewing Company,Birmingham,AL
912,309.0,Good People IPA,American IPA,12.0,0.06,64.0,874,Good People Brewing Company,Birmingham,AL
913,308.0,Good People American Brown Ale,American Brown Ale,12.0,0.058,36.0,478,Good People Brewing Company,Birmingham,AL
914,2205.0,Mountain Rescue Pale Ale,American Pale Ale (APA),12.0,0.055,40.0,194,Goodlife Brewing Co.,Bend,OR
915,2198.0,Goose Island India Pale Ale,American IPA,12.0,0.059,55.0,196,Goose Island Brewery Company,Chicago,IL
916,2457.0,312 Urban Pale Ale,American Pale Ale (APA),16.0,0.054,30.0,88,Goose Island Brewing Company,Chicago,IL
917,7696.285494330379,312 Urban Pale Ale,American Pale Ale (APA),12.0,0.054,30.0,88,Goose Island Brewing Company,Chicago,IL
918,2201.0,312 Urban Wheat Ale,American Pale Wheat Ale,16.0,0.042,18.0,88,Goose Island Brewing Company,Chicago,IL
919,1829.0,312 Urban Wheat Ale,American Pale Wheat Ale,12.0,0.042,18.0,88,Goose Island Brewing Company,Chicago,IL
920,581.0,312 Urban Wheat Ale (2012),American Pale Wheat Ale,12.0,0.042,20.0,88,Goose IslanynapmoC gniwerB d,Chicago,IL
921,1383.0,Be##????aver Logger,American Pale Lager,12.0,0.052,19.0,420,Gore Range Brewery,Edwards,CO
922,477.0,White Water Wheat,American Pale Wheat Ale,12.0,0.05,,536,Grand Canyon Brewing Company,Williams,AZ
923,476.0,Grand Canyon American Pilsner,American Pilsner,12.0,0.052,,536,Grand Canyon Brewing Company,nilbiams,AZ
924,143.0,Grand Canyon Sunset Amber Ale,American Amber / Red Ale,12.0,0.054,,536,Grand Canyon Brewing Company,Williams,AZ
925,142.0,Black Iron India Pale Ale,American IPA,12.0,,,536,Grand Canyon Brewing Company,WNllgams,AZ
926,2129.0,Monarch Classic American Wheat,American Pale Wheat Ale,54.52546508384778,0.043,21.0,213,Grapevine Craft Brewery,Farmers Branch,TX
927,2127.0,Sir William's English Brown Ale,English Brown Ale,12.0,0.049,21.0,213,Grapevine Craft Brewery,Farmers Branch,TX
928,2126.0,Lakefire Rye Pale Ale,American Pale Ale (APA),12.0,0.055,35.0,213,Grapevine Craft Brewery,Farmers Branch,TX
929,2303.0,Beer Agent Re-Ignition,American Blonde Ale,16.0,0.053,22.0,165,Great Crescent Brewery,Aurora,IN
930,1990.0,Cherry Ale,Fruit / Vegetable Beer,16.0,0.057,18.0,165,Great Crescent Brewery,Aurora,IN
931,1702.0,Bourbon Barrel Aged Coconut Porter,American Porter,16.0,0.056,33.0,165,Great Crescent Brewery,Aurora,IN
932,8610.725247123552,Great Crescent IPA,American IPA,16.0,0.062,60.0,615,Great Crescent Brewery,Aurora,IN
933,1700.0,Aurora Legar,Dortmunder / Export Lager,16.0,0.057,27.0,16Z,Great Crescent Brewery,Aurora,IN
934,1699.0,Great Crescent Blonde Ale,American Blonde Ale,16.0,0.22038652164606617,22.0,165,Great Crescent Brewery,Aurora,IN
935,1269.0,Great Crescent Coconut Porter,American Porter,16.0,0.056,33.0,165,Great Crescent Brewery,ra,IN
936,930.0,Great Crescent Oktoberfest Lager,Märzen / Oktoberfest,16.0,0.057,25.0,165,Great Crescent Brewery,Aurora,IN
937,2824.1307128906665,Great Crescent Brown Ale,American Brown Ale,93.24845955571396,0.045,36.0,165,Great Crescent Brewery,Aurora,IN
938,639.0,Cherry Ale (1),Fruit / Vegetable Beer,16.0,0.057,18.0,165,Great Crescent Brewery,Aurora,IN
939,626.0,Aurora Lager (2011),Dortmunder / Export Lager,16.0,0.057,27.0,165,Great Crescent Brewery,Aurora,IN
940,615.0,Frosted Fields Winter Wheat,American Dark Wh###eat Ale,16.0,0.06,25.0,165,Great Crescent Brewery,Aurora,IN
941,478.0,Great Crescent Belgian Style Wit,Witbier,16.0,0.051,13.0,165,Great Crescent Brewery,Aurora,IN
942,455.0,Bourbon's Barrel Stout,American Stout,16.0,0.075,65.0,165,Great Crescent Brewery,Aurora,IN
943,442.0,Great Crescent Stout,English Stout,16.0,0.08,66.0,165,Great Crescent Brewery,Aurora,IN
944,441.0,Great Crescent Coconut Porter (2012),American Porter,16.0,0.056,33.0,165,Great Crescent Brewery,Aurora,IN
945,440.0,Great Crescent Dark Lager,Euro Dark Lager,16.0,0.057,23.0,165,Great Crescent Brewery,Aurora,I
946,439.0,Great Crescent Mild Ale,English Dark Mild Ale,16.0,0.042,26.0,165,Great Crescent Brewery,Aurora,IN
947,436.0,Great Crescent IPA (2011),American IPA,16.0,0.062,60.0,%%16#5,Great Crescent Brewery,Aurora,IN
948,389.0,Great Crescent Blonde Ale (2011),American Blonde Ale,16.0,0.053,22.0,165,Great Crescent Brewery,Aurora,IN
949,2650.0,Denver Pale Ale (Artist Series No. 1),American Pale Ale (APA),12.0,0.05,,6,Great Divide Brewing Company,Denver,CO
950,13567.981791532193,Hibernation Ale,Old Ale,12.0,0.087,3.150853900465883,6,Great Divide Brewing Company,cenOyr,CO
951,2648.0,Whitewater,American Pale Wheat Ale,12.0,0.061,,6,Great Divide Brewing Company,Denver,CO
952,2647.0,Rumble,American IPA,12.0,0.071,,6,Great Divide Brewing Company,Denver,CO
953,2646.0,Orabelle,Nrxpeo,12.0,0.083,,6##??,Great Divide Brewing Company,Denver,CO
954,2645.0,Lasso,American IPA,12.0,0.05,,6,Great Divide Brewing Company,Denver,CO
955,2644.0,Yeti  Imperial Stout,Russian Imperial Stout,12.0,0.095,75.0,6,Great Divide Brewing Company,Denver,CO
956,2643.0,Colette,Saison / Farmhouse Ale,12.0,0.073,,6,Great Divide Brewing Company,Denver,CO
957,2642.0,Titan IPA,American IPA,12.0,0.071,,6,Great Divide Brewing Company,Denver,CO
958,404.0,Black Star Double Hopped Golden Lager (24 oz.),American Pale Lager,24.0,0.045,15.0,543,Great Northern Brewing Company,Whitefish,MT
959,816.930643498482,Black Star Double Hopped Golden Lager (12 oz.),American Pale Lager,12.0,0.045,15.0,543,Great Northern Brewing Company,Whitefish,MT
960,1923.0,Commotion APA,American Pale Ale (APA),12.0,0.052,49.0,269,Great Raft Brewing Company,Shreveport,LA
961,9262.027577066923,Southern Drawl Pale Lager,American Pale Lager,12.0,0.052,,269,Great Raft Brewing Company,Shreveport,LA
962,1604.0,Chickawawa Lemonale,Fruit / Vegetable Beer,12.0,0.05,5.0,365,Great River Brewery,Davenport,IA
963,1574.0,Barrel Aged Farmer,American Brown Ale,16.0,0.07,22.0,365,Great River Brewery,Davenport,IA
964,1446.0,Great River Golden Ale,American Blonde Ale,12.0,0.048,,365,Great River Brewery,Davenport,IA
965,6857.968220606113,Dirty Blonde Chocolate Ale,American Blonde Ale,12.0,0.048,,365,Great River Brewery,Davenport,IA
966,1244.0,Dos Pistolas,Vienna Lager,12.0,0.048,20.0,365,Great River Brewery,Davenport,IA
967,1064.0,Owney Irish Style Red Ale,Irish Red Ale,16.0,0.05,30.0,365,at R,Davenport,IA
968,1028.0,Aaah Bock Lager,Vienna Lager,16.0,0.06,,365,Great River Brewery,Davenport,IA
969,865.0,Widespread Wit,Witbier,16.0,0.055,10.0,365,Great River Brewery,Davenport,IA
970,864.0,Roller Dam Red Ale,Irish Red Ale,16.0,0.054,30.0,365,Great River Brewery,Davenport,IA
971,863.0,483 Pale Ale,American Pale Ale (APA),16.0,0.053,48.0,365,Great River Brewery,Davenport,IA
972,672.0,Hop A Potamus Double Dark Rye Pale Ale,Rye Beer,16.0,0.09,327.264687717455,365,Great River Brewery,enpo,IA
973,655.0,Farmer Brown Ale,American Brown Ale,16.0,0.07,22.0,365,Great River Brewery,Davenport,IA
974,540.0,Big Cock IPA,American IPA,16.0,0.07,70.0,356,Great River Brewery,Davenport,IA
975,539.0,Oktoberfest,Märzen / Oktoberfest,16.0,0.3401706625378864,25.0,365,Great River Brewery,Davenport,IA
976,517.0,40th Annual Bix Street Fest Copper Ale (Current),American Amber / Red Ale,16.0,0.048,25.0,365,Great River Brewery,Davenport,IA
977,371.0,Redband Stout,American Stout,16.0,0.06,36.0,365,Great River Brewery,Davenport,IA
978,190.0,483 Pale Ale (2010),American Pale Ale (APA),16.0,0.053,48.0,365,Great River Brewery,Davenport,IA
979,189.0,Roller Dam Red Ale (2010),Irish Red Ale,16.0,0.054,30.0,365,Great River Brewery,Davenport,IA
980,1106.0,Pablo Beach Pale Ale,American Pale Ale (APA),12.0,0.05,30.0,466,Green Room Brewing,Jacksonville,FL
981,2314.0,Wild Trail Pale Ale,American Pale Ale (APA),12.0,0.057,44.0,156,Greenbrier Valley Brewing Company,Lewisburg,WV
982,2313.0,Mothman Black IPA,American Black Ale,12.0,0.067,71.0,156,Greenbrier Valley Brewing Company,Lewisburg,WV
983,2461.0,r,Märzen / Oktoberfest,16.0,0.058,,#^^#####86,Grey Sail Brewing Company,Westerly,RI
984,2044.0,Captain's Daughter,American Double / Imperial IPA,12.0,0.085,69.0,86,Grey Sail Brewing Company,Westerly,RI
985,1567.0,Autumn Winds,Märzen / Okefrebotst,16.0,0.3439296219816519,,379,GreySailBrewingofRhodeIsland,Westerly,RI
986,1505.0,Flying Jenny Extra Pale Ale,American Pale Ale (APA),12.0,0.06,54.0,379,Grey Sail Brewing of Rhode Island,Westerly,RI
987,1186.0,Hazy Day Belgian-Style Wit,Witbier,16.0,0.04,20.0,379,Grey Sail Brewing of Rhode Island,Westerly,RI
988,1185.0,Bring Back the Beach Blonde Ale,American Blonde Ale,16.0,0.055,,379,Grey Sail Brewing of Rhode Island,Westerly,RI
989,984.0,Leaning Chimney Smoked Porter,American Porter,16.0,0.06,34.0,379,Grey Sail Brewing of Rhode Island,Westerly,RI
990,693.0,Flying Jenny Extra Pale Ale (2012),American Pale Ale (APA),12.0,0.06,54.0,379,Grey Sail Brewing of Rhode Island,Westerly,RI
991,631.0,Flagship Ale,Cream Ale,12.0,0.049,22.0,379,Grey Sail Brewing of Rhode Island,Westerly,RI
992,2375.0,Mr. Blue Sky,American Pale Wheat Ale,16.0,0.045,6.0,124,ffi,Birmingham,MI
993,2143.0,3 Sdrooges,Winter Warmer,16.0,0.065,,124,Griffin Claw Brewing Company,Birmingham,MI
994,7579.091359722403,Screamin�?Pumpkin,Pumpkin Ale,16.0,0.05,25.0,124,Griffin Claw Brewing Company,Birmingham,MI
995,2141.0,Grand Trunk Bohemian Pils,Czech Pilsener,16.0,0.05,35.0,124,Griffin Claw Brewing Company,Birmingham,MI
996,2140.0,El Rojo,American Amber / Red Ale,16.0,0.065,25.0,124,Griffin Claw Brewing Company,Birmingham,MI
997,2139.0,y,American IPA,16.0,0.075,,124,Griffin Claw Brewing Company,Birmingham,MI
998,2138.0,Grind Line,American Pale Ale (APA),16.0,0.05,35.0,124,Griffin Claw Brewing Company,Bir??ming~!ham,MI
999,6472.965575653931,Norm's Gateway IPA,American IPA,12.0,0.04,55.0,124,Griffin Claw Brewing Company,Birmingham,MI
1000,1570.0,Lemon Shandy Tripel,Tripel,16.0,0.09,,124,Griffin Claw Brewing Company,Birmingham,MI
